Category,Title,Link,Image
Football,"Bellingham has a fight on his hands for England starting spot, Tuchel says",https://www.skysports.com/football/news/12016/13551807/jude-bellingham-england-boss-thomas-tuchel-claims-real-madrid-star-has-a-fight-on-his-hands-to-earn-world-cup-starting-spot,https://e0.365dm.com/26/06/768x432/skysports-jude-bellingham_7267903.jpg?20260607233059
Football,Mourinho set for Real Madrid return after Perez re-elected,https://www.skysports.com/football/live-blog/11095/12507208/football-latest-news-and-gossip,https://e0.365dm.com/26/05/768x432/skysports-jose-mourinho-florentino-perez_7255814.jpg?20260522142544
Football,Papers: Ederson's Man Utd move at risk of delay after World Cup call-up,https://www.skysports.com/football/transfer-paper-talk/12709/13551789/ederson-to-manchester-united-midfielders-call-up-to-brazil-world-cup-squad-could-delay-old-trafford-move-paper-talk,https://e0.365dm.com/25/03/768x432/skysports-paper-talk-brand-refresh_6852897.jpg?20250311094415
Football,Arsenal latest: Ex-Gunners striker Van Persie sacked by Feyenoord,https://www.skysports.com/football/live-blog/11670/13025486/arsenal-transfer-news-rumours-and-gossip-live-updates-and-latest-on-deals-signings-loans-and-contracts,https://e0.365dm.com/25/10/768x432/skysports-arsenal-news-club_7039237.jpg?20251002155710
Football,Transfer Centre LIVE! Bayern rule out Olise sale amid Real rumours,https://www.skysports.com/football/live-blog/31771/12476234/transfer-centre-live-football-transfer-news-updates-and-rumours,https://e0.365dm.com/26/05/768x432/skysports-michael-olise-bayern-munich_7237587.jpg?20260502204946
Football,Eriksen conscious after collapsing during Denmark friendly,https://www.skysports.com/football/news/11095/13551756/christian-eriksen-denmark-friendly-with-ukraine-abandoned-after-midfielder-collapses-on-pitch,https://e0.365dm.com/26/06/768x432/skysports-christian-eriksen_7267767.jpg?20260607193442
Football,England latest: Tuchel reveals vice-captain for World Cup,https://www.skysports.com/football/live-blog/11095/13427059/england-football-news-live-updates-schedule-and-analysis-of-thomas-tuchels-three-lions,https://e0.365dm.com/26/05/768x432/skysports-world-cup-england_7255431.jpg?20260522080147
Football,Man Utd latest: Ederson called up to Brazil World Cup squad,https://www.skysports.com/football/live-blog/11667/13025492/man-utd-transfer-news-rumours-and-gossip-live-updates-and-latest-on-deals-signings-loans-and-contracts,https://e0.365dm.com/26/02/768x432/skysports-michael-carrick-man-utd_7153593.jpg?20260202171649
Football,"Brighton rejected second Spurs bid for Van Hecke, says Barber",https://www.skysports.com/football/news/11095/13550663/jan-paul-van-hecke-tottenham-in-talks-with-brighton-over-defender-and-also-could-make-move-for-man-city-winger-savinho,https://e0.365dm.com/26/06/768x432/skysports-jan-paul-van-hecke_7267653.jpg?20260607172340
Football,Tuchel frustrated by 'freestyling' as NZ boss says England 'need to be better',https://www.skysports.com/football/news/12098/13551562/thomas-tuchel-frustrated-by-freestyling-england-in-world-cup-warm-up-as-new-zealand-boss-says-they-will-have-to-be-better,https://e0.365dm.com/26/06/768x432/skysports-thomas-tuchel-england_7267257.jpg?20260607074031
Football,Clarke hails 'fantastic problems' with starting choices,https://www.skysports.com/football/news/12017/13551549/scotland-steve-clarke-has-fantastic-problems-in-terms-of-selection-ahead-of-world-cup-opener,https://e0.365dm.com/26/06/768x432/skysports-scotland-friendly_7267249.jpg?20260607072102
Football,Scotland thrash Bolivia ahead of World Cup opener,https://www.skysports.com/football/bolivia-vs-scotland/report/555767,https://e0.365dm.com/26/06/768x432/skysports-shankland-adams-mctominay_7267116.jpg?20260606213634
Football,World Cup latest: Haaland draws blank as Modric rolls back the years in warm-ups,https://www.skysports.com/football/live-blog/11095/13509050/world-cup-2026-news-and-live-updates-usa-canada-and-mexico-build-up-plus-latest-on-trump-tickets-and-fans,https://e0.365dm.com/26/06/768x432/skysports-erling-haaland_7267898.jpg?20260607230737
F1,"Red Bull engine top rated by FIA as Mercedes, Ferrari granted upgrades",https://www.skysports.com/f1/news/12433/13551591/aduo-in-f1-red-bull-engine-top-rated-by-fia-as-mercedes-ferrari-granted-upgrades-for-2026-formula-1-season,https://e0.365dm.com/26/05/768x432/skysports-george-russell-mercedes_7242781.jpg?20260508164945
F1,Alpine request review of Monaco pit-lane penalties as Gasly left 'heartbroken',https://www.skysports.com/f1/news/12433/13551589/alpine-request-fia-review-of-monaco-gp-pit-lane-speeding-penalties-as-pierre-gasly-left-heartbroken-after-losing-podium,https://e0.365dm.com/26/06/768x432/skysports-pierre-gasly-alpine_7267755.jpg?20260607190020
F1,'An incredible moment' | Antonelli ecstatic after fifth straight win,https://www.skysports.com/f1/video/37484/13551715/monaco-gp-kimi-antonelli-ecstatic-after-fifth-straight-win,https://e0.365dm.com/26/06/768x432/skysports-motorsport-f1-mercedes_7267651.jpg?20260607172325
F1,Hamilton thankful for 'amazing' Kardashian support,https://www.skysports.com/f1/news/12433/13551588/lewis-hamilton-ferrari-driver-thankful-for-amazing-kim-kardashian-support-at-monaco-gp-after-latest-f1-podium,https://e0.365dm.com/26/06/768x432/skysports-lewis-hamilton-ferrari_7267762.jpg?20260607192823
F1,Monaco Grand Prix | Race highlights,https://www.skysports.com/f1/video/27438/13551701/monaco-grand-prix-race-highlights,https://e0.365dm.com/26/06/768x432/skysports-monaco-gp-hls_7267607.jpg?20260607164333
F1,'I look like an idiot' | Leclerc on driving 'borderline dangerous' Ferrari,https://www.skysports.com/f1/video/37484/13551697/monaco-gp-charles-leclerc-on-driving-borderline-dangerous-ferrari,https://e0.365dm.com/26/06/768x432/skysports-motorsport-f1-ferrari_7267588.jpg?20260607161708
F1,Supreme Antonelli beats Hamilton to Monaco win after wild finale,https://www.skysports.com/f1/news/12433/13551585/monaco-gp-kimi-antonelli-wins-fifth-f1-race-running-with-lewis-hamilton-second-after-dramatic-chaotic-finish-to-grand-prix,https://e0.365dm.com/26/06/768x432/skysports-kimi-antonelli-mercedes_7267722.jpg?20260607182428
F1,Explained: Why Russell was given drive-through penalty,https://www.skysports.com/f1/video/37484/13551693/monaco-gp-why-george-russell-was-given-drive-through-penalty,https://e0.365dm.com/26/06/768x432/skysports-motorsport-f1-mercedes_7267631.jpg?20260607171048
F1,Explained: Were Leclerc & Stroll's Monaco crashes caused by broken track?!,https://www.skysports.com/f1/video/12870/13551690/monaco-gp-ant-davidson-explains-bizzare-monaco-red-flag,https://e0.365dm.com/26/06/768x432/skysports-formula-one-monaco-gp_7267574.jpg?20260607154954
F1,NIGHTMARE start for Max as he fails to get off the line in Monaco!,https://www.skysports.com/f1/video/12870/13551659/monaco-gp-disaster-as-max-verstappen-fails-on-race-start,https://e0.365dm.com/26/06/768x432/skysports-formula-one-monaco-gp_7267477.jpg?20260607141111
F1,Hadjar retains first Red Bull podium as Perez loses first Cadillac point,https://www.skysports.com/f1/live-blog/12433/13550466/f1-monaco-gp-live-race-updates-results-stream-highlights-from-sixth-round-of-2026-formula-1-season-in-monte-carlo,https://e0.365dm.com/26/06/768x432/skysports-isack-hadjar-red-bull_7267623.jpg?20260607170052
F1,Ferrari boss Vasseur returns to F1 paddock after being hospitalised,https://www.skysports.com/f1/news/12433/13551334/frederic-vasseur-ferrari-team-principal-hospitalised-after-medical-checks-at-monaco-grand-prix,https://e0.365dm.com/26/06/768x432/skysports-f1-ferrari-frederic-vasseur_7266680.jpg?20260606093427
F1,Russell and Carmen watch on as Hamilton and Kim K turn heads!,https://www.skysports.com/f1/video/37484/13551496/monaco-gp-george-russell-watches-on-as-lewis-hamilton-arrives-on-track-with-kim-kardashian,https://e0.365dm.com/26/06/768x432/skysports-f1-formula-one-monaco_7267125.jpg?20260606215005
Golf,Poston secures fourth PGA Tour title following Memorial play-off,https://www.skysports.com/golf/video/12176/13551834/memorial-tournament-day-four-highlights,https://e0.365dm.com/26/06/768x432/skysports-golf-memorial_7267972.jpg?20260608070002
Golf,Korda triumphs at US Women's Open after thrilling final round,https://www.skysports.com/golf/video/12176/13551827/us-womens-open-day-four-highlights,https://e0.365dm.com/26/06/768x432/skysports-golf-us-womens-open_7267950.jpg?20260608062720
Golf,Hull rues 'frustrating' near-miss as wait for elusive major continues,https://www.skysports.com/golf/news/12176/13551817/us-womens-open-charley-hull-rues-frustrating-major-near-miss-after-runner-up-finish-to-nelly-korda-in-california,https://e0.365dm.com/26/06/768x432/skysports-charley-hull-golf_7267811.jpg?20260607205229
Golf,Korda wins US Women's Open...just! | World No 1 almost misses close putt for epic win!,https://www.skysports.com/golf/video/37486/13551812/nelly-korda-wins-us-womens-open-just-2ft-putt-lips-in-in-dramatic-fashion-on-72nd-hole,https://e0.365dm.com/26/06/768x432/skysports-nelly-korda-korda_7267919.jpg?20260608011725
Golf,A 'deserved' major with 'B-game?!' How Korda edged epic US Women's Open,https://www.skysports.com/golf/live-blog/12176/13551635/us-womens-open-live-latest-scores-updates-highlights-as-nelly-korda-charley-hull-chase-major-victory-in-california,https://e0.365dm.com/26/06/768x432/skysports-nelly-korda-golf_7267916.jpg?20260608010758
Golf,When are the majors? Key golf events and 2026 schedule,https://www.skysports.com/golf/news/12176/13480931/golf-majors-in-2026-schedule-dates-venues-for-the-open-the-masters-solheim-cup-and-more,https://e0.365dm.com/25/12/768x432/skysports-rory-mcilroy-golf_7105019.jpg?20251208181519
Golf,Golf leaderboards: Final scores from US Women's Open and more,https://www.skysports.com/golf/news/12176/12950625/golf-leaderboards-pga-tour-lpga-tour-liv-golf-dp-world-tour-ladies-european-tour-major-championships-and-more,https://e0.365dm.com/26/06/768x432/skysports-charley-hull-rory-mcilroy_7265362.jpg?20260604153714
Golf,Korda pips Hull to major glory in US Women's Open thriller,https://www.skysports.com/golf/news/12176/13551808/us-womens-open-nelly-korda-claims-thrilling-victory-as-charley-hull-narrowly-misses-out-on-major-win-in-california,https://e0.365dm.com/26/06/768x432/skysports-nelly-korda-golf_7267923.jpg?20260608012331
Golf,Poston clinches thrilling win at the Memorial after play-off drama,https://www.skysports.com/golf/news/12176/13551782/the-memorial-tournament-j-t-poston-overcomes-ryan-gerard-on-second-play-off-hole-after-tommy-fleetwood-comes-close-on-final-day,https://e0.365dm.com/26/06/768x432/skysports-jt-poston-memorial_7267888.jpg?20260607225353
Golf,WOW! How did that not go in?! Hull ALMOST makes ace at US Women's Open!,https://www.skysports.com/golf/video/37486/13551785/charley-hull-almost-makes-ace-at-us-womens-open,https://e0.365dm.com/26/06/768x432/skysports-golf-hull_7267847.jpg?20260607213415
Golf,Hull makes dream start with opening-hole eagle at the US Women's Open!,https://www.skysports.com/golf/video/37486/13551770/charley-hull-makes-dream-start-with-12ft-eagle-putt-at-the-us-womens-open,https://e0.365dm.com/26/06/768x432/skysports-golf-hull_7267805.jpg?20260607204036
Golf,'She can hardly believe it!' | Lin produces amazing ace at the US Women's Open!,https://www.skysports.com/golf/video/37486/13551768/lin-xiyu-produces-hole-in-one-at-the-us-womens-open,https://e0.365dm.com/26/06/768x432/skysports-golf-lin_7267799.jpg?20260607202557
Golf,'I'll be doing nappies tonight': New dad Hatton holds off Rahm to win in Andalucia,https://www.skysports.com/golf/news/12176/13551742/tyrrell-hatton-beats-jon-rahm-to-win-liv-golf-andalucia-as-joaquin-niemann-earns-spot-at-the-open-championship,https://e0.365dm.com/26/06/768x432/skysports-tyrrell-hatton-liv-golf_7267739.jpg?20260607183406
Racing,Today on Sky Sports Racing: Regal Envoy back to defend his Windsor crown,https://www.skysports.com/racing/news/12426/13551736/today-on-sky-sports-racing-flat-action-from-windsor-features-live-on-monday-evening,https://e0.365dm.com/26/05/768x432/skysports-windsor-racing_7251848.jpg?20260517211644
Racing,Christmas Day delivers Derby victory for O'Brien,https://www.skysports.com/racing/news/12426/13551434/epsom-christmas-day-delivers-derby-victory-for-aidan-obrien-and-ronan-whelan,https://e0.365dm.com/26/06/768x432/skysports-christmas-day-racing_7266932.jpg?20260606163335
Racing,Golden Tempo shines once again to seal Belmont Stakes glory,https://www.skysports.com/racing/news/12426/13551737/belmont-stakes-golden-tempo-shines-once-again-to-seal-glory-for-history-maker-cherie-devaux,https://e0.365dm.com/26/06/768x432/skysports-golden-tempo-saratoga_7267709.jpg?20260607180957
Racing,Racing round-up: Benvenuto Cellini declared a non-runner after Derby,https://www.skysports.com/racing/live-blog/12426/12717872/racing-round-up-all-the-latest-horse-racing-news-previews-and-reaction,https://e0.365dm.com/26/06/768x432/skysports-benvenuto-cellini_7264486.jpg?20260603131344
Racing,Bay City Roller dethrones Jan Brueghel in Coronation Cup,https://www.skysports.com/racing/news/12426/13551411/epsom-bay-city-roller-dethrones-jan-brueghel-in-coronation-cup-after-sparks-fly-and-ten-bob-tony-win,https://e0.365dm.com/26/06/768x432/skysports-bay-city-roller-epsom_7266874.jpg?20260606151504
Racing,Fast Results: All the latest winners at today's horse racing meetings,https://www.skysports.com/racing/results/fast-results?reloaded=true,https://e0.365dm.com/26/06/768x432/skysports-christmas-day-ronan-whelan_7266934.jpg?20260606163410
Racing,Thundering On storms to Oaks glory at Epsom,https://www.skysports.com/racing/news/12426/13551144/epsom-thundering-on-storms-to-oaks-glory-for-joseph-obrien,https://e0.365dm.com/26/06/768x432/skysports-thundering-on-racing_7266295.jpg?20260605162736
Racing,Former jockey Williams jailed for manslaughter,https://www.skysports.com/racing/news/12426/13550785/levi-williams-former-jockey-jailed-for-manslaughter-of-pensioner-he-punched-outside-pub,https://e0.365dm.com/26/06/768x432/skysports-levi-williams-racing_7265373.jpg?20260604154455
Racing,Benvenuto Cellini leads four-strong O'Brien team for Derby,https://www.skysports.com/racing/news/12426/13550423/derby-benvenuto-cellini-leads-four-strong-aidan-obrien-team-for-epsom-classic,https://e0.365dm.com/26/06/768x432/skysports-benvenuto-cellini_7264486.jpg?20260603131344
Racing,Constitution River flows to French Derby success,https://www.skysports.com/racing/news/12426/13549604/constitution-river-flows-to-french-derby-success-for-aidan-obrien-in-prix-du-jockey-club,https://e0.365dm.com/26/05/768x432/skysports-constitution-river_7262396.jpg?20260531163808
Racing,O'Brien's Derby team 'all fine' as Epsom looms,https://www.skysports.com/racing/video/28461/13548748/derby-aidan-obriens-epsom-team-all-fine-as-classic-test-looms,https://e0.365dm.com/26/05/768x432/skysports-aidan-obrien-racing_7260321.jpg?20260528141022
Racing,Daryz decisive in straightforward Prix Aga Khan IV triumph,https://www.skysports.com/racing/news/11068/13546765/parislongchamp-daryz-decisive-in-straightforward-prix-aga-khan-iv-triumph,https://e0.365dm.com/26/05/768x432/skysports-racing-daryz_7255116.jpg?20260521194138
Racing,Kevin Blake's Derby-day tips,https://www.skysports.com/racing/news/12426/13551111/epsom-tips-kevin-blake-of-at-the-races-makes-his-selections-for-derby-day,https://e0.365dm.com/26/06/768x432/skysports-kevin-blake-racing_7265193.png?20260604114230
Racing,Doyle: Cellini can come of age in the Derby,https://www.skysports.com/racing/news/37685/13551251/hollie-doyle-blog-benvenuto-cellini-can-deliver-a-fifth-derby-triumph-for-ryan-moore,https://e0.365dm.com/26/04/768x432/skysports-hollie-doyle-doyle_7229472.png?20260424164426
Racing,"Precise turns the tables to take Irish 1,000 Guineas",https://www.skysports.com/racing/news/12426/13547588/irish-1-000-guineas-precise-lands-curragh-classic-double-for-aidan-obrien,https://e0.365dm.com/26/05/768x432/skysports-precise-horse-racing_7257236.jpg?20260524170611
Racing,Benvenuto Cellini backed for Derby glory,https://www.skysports.com/racing/news/12426/13551035/epsom-tips-benvenuto-cellini-backed-for-derby-glory,https://e0.365dm.com/26/02/768x432/skysports-weekend-winners-racing_7170076.jpg?20260220115915
Racing,"Gstaad romps to Irish 2,000 Guineas crown for O'Brien",https://www.skysports.com/racing/news/12426/13547314/irish-2000-guineas-gstaad-romps-to-curragh-classic-crown-for-aidan-obrien,https://e0.365dm.com/26/05/768x432/skysports-gstaad-racing_7256472.jpg?20260523162532
Racing,Kevin Blake's Oaks day tips,https://www.skysports.com/racing/news/12426/13550712/epsom-tips-kevin-blakes-selections-for-oaks-day,https://e0.365dm.com/26/06/768x432/skysports-kevin-blake-racing_7265193.png?20260604114230
Racing,Doyle: Don't write off Constitution despite Classic draw,https://www.skysports.com/racing/news/12426/13549143/hollie-doyle-dont-write-off-constitution-river-despite-french-derby-draw,https://e0.365dm.com/26/04/768x432/skysports-hollie-doyle-blog_7235426.png?20260430170802
Racing,Montreal fancied to land French Derby for O'Brien,https://www.skysports.com/racing/news/12426/13549020/prix-du-jockey-club-montreal-fancied-to-land-french-derby-for-aidan-obrien,https://e0.365dm.com/26/05/768x432/skysports-montreal-racing_7260980.jpg?20260529114329
Racing,Balding 'very confident' in Item's stamina for Derby,https://www.skysports.com/racing/video/37487/13547932/derby-andrew-balding-very-confident-in-items-epsom-chances,https://e0.365dm.com/26/05/768x432/image_7258263.jpg?20260525162126
Racing,Lima receives 24-day ban for whip misuse,https://www.skysports.com/racing/news/12426/13545971/york-jockey-diego-lima-receives-24-day-ban-for-misuse-of-whip-aboard-ranting-duke,https://e0.365dm.com/26/05/768x432/skysports-diego-lima-racing_7253300.jpg?20260519172557
Racing,Notable Speech stars in 2026 Lockinge Stakes | Full race replay,https://www.skysports.com/racing/video/28461/13544678/newbury-notable-speech-stars-in-2026-lockinge-stakes-full-race-replay,https://e0.365dm.com/26/05/768x432/skysports-racing-newbury-lockinge_7250328.jpg?20260516150048
Racing,Appleby 'delighted' with Notable Speech after Lockinge triumph,https://www.skysports.com/racing/news/12426/13544705/newbury-charlie-appleby-delighted-as-notable-speech-seals-lockinge-triumph,https://e0.365dm.com/26/05/768x432/skysports-appleby-racing_7250464.jpg?20260516154417
Racing,Champion filly Kalpana returns with Aston Park triumph,https://www.skysports.com/racing/video/30998/13544629/newbury-champion-filly-kalpana-returns-with-hard-fought-aston-park-stakes-success,https://e0.365dm.com/26/05/768x432/skysports-kalpana-racing_7250209.jpg?20260516140730
Racing,Rahiebb races into Gold Cup reckoning for Ascot,https://www.skysports.com/racing/news/12426/13544432/rahiebb-races-into-gold-cup-reckoning-for-ascot,https://e0.365dm.com/26/05/768x432/skysports-rahiebb-yorkshire-cup_7249703.jpg?20260515175723
Racing,Item firmly on the agenda for Derby challenge,https://www.skysports.com/racing/news/12426/13544052/item-firmly-on-the-agenda-for-derby-challenge,https://e0.365dm.com/26/05/768x432/skysports-item-colin-keane_7248750.jpg?20260514171102
Racing,Legacy Link books Oaks ticket with York success,https://www.skysports.com/racing/news/12426/13543651/york-legacy-link-books-oaks-ticket-with-musidora-success,https://e0.365dm.com/26/05/768x432/skysports-legacy-link-racing_7247828.jpg?20260513173936
Racing,Elmonjed surges to commanding victory in Minster,https://www.skysports.com/racing/news/12426/13543607/york-william-haggas-elmonjed-surges-to-commanding-victory-in-minster-stakes,https://e0.365dm.com/26/05/768x432/skysports-elmonjed-racing_7247717.jpg?20260513155858
Racing,Diamond Necklace sparkles in French 1000 Guineas,https://www.skysports.com/racing/news/12426/13542419/diamond-necklace-sparkles-in-french-1000-guineas-for-aidan-obrien,https://e0.365dm.com/26/05/768x432/skysports-diamond-necklace_7244762.jpg?20260510170500
Racing,Maltese Cross books Derby ticket with Lingfield victory,https://www.skysports.com/racing/news/12426/13541930/maltese-cross-books-derby-ticket-with-lingfield-victory-as-cameo-makes-waves-in-oaks-market,https://e0.365dm.com/26/05/768x432/skysports-maltese-cross-tom-marquand_7243550.jpg?20260509154042
NFL,Former Seahawks quarterback Wilson announces NFL retirement,https://www.skysports.com/nfl/news/12118/13550638/russell-wilson-announces-nfl-retirement-as-former-seattle-seahawks-quarterback-takes-up-tv-role,https://e0.365dm.com/26/06/768x432/skysports-russell-wilson-nfl_7264996.jpg?20260604073547
NFL,"Blockbuster NFL trades galore as Garrett, Brown, Beckham all move",https://www.skysports.com/nfl/news/12118/13549900/nfl-cleveland-browns-star-myles-garrett-traded-to-los-angeles-rams-for-pass-rusher-jared-verse-and-2027-first-round-pick,https://e0.365dm.com/25/12/768x432/skysports-myles-garrett-cleveland-browns_7116970.jpg?20251221182835
NFL,Packers running back Jacobs arrested on domestic abuse charges,https://www.skysports.com/nfl/news/12118/13548376/josh-jacobs-green-bay-packers-running-back-arrested-on-domestic-abuse-charges,https://e0.365dm.com/26/05/768x432/skysports-josh-jacobs-green-bay-packers_7259361.jpg?20260527091429
NFL,Rodgers to retire after 2026 NFL season - 'This is it',https://www.skysports.com/nfl/news/12118/13546404/aaron-rodgers-says-he-will-retire-after-2026-nfl-season-this-is-it,https://e0.365dm.com/26/01/768x432/skysports-pittsburgh-steelers_7126572.jpg?20260322144428
NFL,Chiefs' Rice jailed after testing positive for marijuana,https://www.skysports.com/nfl/news/12118/13546029/rashee-rice-kansas-city-chiefs-wide-receiver-ordered-to-jail-after-testing-positive-for-marijuana,https://e0.365dm.com/26/05/768x432/skysports-nfl-rashee-rice_7253425.jpg?20260519200843
NFL,NFL 2026: UK times and weekly match schedule,https://www.skysports.com/nfl/news/12118/13544294/nfl-fixtures-and-schedule-2026-uk-times-for-2026-regular-season-games-and-post-season-playoffs-on-road-to-super-bowl-lxi,https://e0.365dm.com/26/05/768x432/skysports-nfl-logo-2026_7249490.jpg?20260515131213
NFL,Super Bowl rematch to open 2026 season as NFL fixtures released,https://www.skysports.com/nfl/news/12118/13544202/nfl-fixtures-2026-super-bowl-rematch-between-seattle-seahawks-and-new-england-patriots-to-open-new-season-on-a-wednesday-night,https://e0.365dm.com/26/05/768x432/skysports-seattle-seahawks_7249190.jpg?20260515065142
NFL,Record nine NFL games to be played abroad with London hosting three,https://www.skysports.com/nfl/news/12118/13543457/nfl-2026-international-schedule-record-nine-games-to-be-played-abroad-with-london-hosting-three-and-first-ever-in-melbourne-rio-de-janeiro-paris,https://e0.365dm.com/24/10/768x432/skysports-nfl-tottenham_6711746.jpg?20241009175127
NFL,Sign up to Sky Sports push alerts this Big Weekend!,https://www.skysports.com/football/news/11095/10952996/sky-sports-push-notifications-faq-how-to-receive-the-alerts-you-want,https://e0.365dm.com/26/04/768x432/skysports-sky-sports-news-alerts_7232870.jpg?20260428085709
NFL,The best Lamar Jackson yet? 'He has a fresh start',https://www.skysports.com/nfl/news/12118/13535862/baltimore-ravens-teammates-send-lamar-jackson-warning-to-nfl-ahead-of-fresh-start-under-jesse-minter,https://e0.365dm.com/26/01/768x432/skysports-lamar-jackson-baltimore-ravens_7124383.jpg?20260102115151
NFL,From South London to the NFL Draft - Meet Seydou Traore,https://www.skysports.com/nfl/news/12118/13532867/nfl-draft-2026-seydou-traore-proudly-representing-his-south-london-roots-as-miami-dolphins-draft-british-tight-end,https://e0.365dm.com/26/04/768x432/skysports-seydou-traore-mississippi-state_7224676.jpg?20260419190734
NFL,Dolphins pick British tight end Traore in NFL Draft,https://www.skysports.com/nfl/news/12118/13536752/seydou-traore-born-in-france-and-raised-in-london-miami-dolphins-pick-british-tight-end-in-nfl-draft,https://e0.365dm.com/26/04/768x432/skysports-seydou-traore-nfl_7231141.jpg?20260426125705
NFL,Shock of the NFL Draft? 'Are you kidding me!',https://www.skysports.com/nfl/news/12118/13535860/nfl-draft-2026-how-ty-simpson-sean-mcvay-and-the-los-angeles-rams-produced-the-surprise-of-the-night,https://e0.365dm.com/26/04/768x432/skysports-ty-simpson-alabama_7229378.jpg?20260424151650
Tennis,Zverev wins French Open title after dramatic five-set win against Cobolli,https://www.skysports.com/tennis/news/12110/13551609/french-open-alexander-zverev-wins-maiden-grand-slam-title-after-dramatic-five-set-win-against-flavio-cobolli,https://e0.365dm.com/26/06/768x432/skysports-alexander-zverev_7267773.jpg?20260607193804
Tennis,"Latest tennis scores: Queen's and Stuttgart with Boulter, Jones in action on Monday",https://www.skysports.com/tennis/scores-schedule,https://e0.365dm.com/26/05/768x432/skysports-katie-boulter-tennis_7258410.jpg?20260525200526
Tennis,"Williams on shock return to tennis: I don't need to win, I have nothing to prove",https://www.skysports.com/tennis/video/21750/13551724/serena-williams-on-shock-return-to-tennis-i-dont-need-to-win-i-have-nothing-to-prove,https://e0.365dm.com/26/06/768x432/skysports-tennis-williams_7267678.jpg?20260607174356
Tennis,'I don't need to win': Serena says shock tennis comeback is not about titles,https://www.skysports.com/tennis/news/12110/13551725/serena-williams-says-shock-tennis-comeback-at-queens-club-is-not-about-titles-as-she-refuses-to-commit-to-singles-return,https://e0.365dm.com/26/06/768x432/skysports-serena-williams-queens_7267681.jpg?20260607174500
Tennis,Raducanu hopes for Serena chat as icon returns at Queen's Club,https://www.skysports.com/tennis/news/12110/13551708/emma-raducanu-hopes-to-talk-to-serena-williams-as-tennis-legend-returns-at-queens-club-ahead-of-possible-wimbledon-wildcard,https://e0.365dm.com/26/06/768x432/skysports-emma-raducanu-queens_7267627.jpg?20260607170934
Tennis,"Henman: 'Zverev can now release Grand Slam stress, tension, baggage of many years'",https://www.skysports.com/tennis/live-blog/32455/13551613/french-open-final-live-score-results-game-by-game-updates-as-alexander-zverev-takes-on-flavio-cobolli-at-roland-garros,https://e0.365dm.com/26/06/768x432/skysports-alexander-zverev_7267752.jpg?20260607185329
Tennis,Andreeva: I won't have the same aura as Federer but I hope to embody his qualities,https://www.skysports.com/tennis/video/12110/13551530/mirra-andreeva-i-wont-have-the-same-aura-as-federer-but-i-hope-to-embody-his-qualities,https://e0.365dm.com/26/06/768x432/skysports-tennis-andreeva_7267191.jpg?20260606225311
Tennis,Williams' Queen's opponents revealed as Raducanu and Boulter team up,https://www.skysports.com/tennis/news/12110/13551468/serena-williams-discovers-opponents-for-tennis-return-in-queens-doubles-as-emma-raducanu-and-katie-boulter-team-up,https://e0.365dm.com/26/01/768x432/skysports-serena-williams-tennis_7149245.jpg?20260204082208
Tennis,Zverev hopes to banish Grand Slam final blues in French Open showpiece,https://www.skysports.com/tennis/news/32455/13551452/french-open-alexander-zverev-hopes-to-banish-grand-slam-final-blues-against-flavio-cobolli,https://e0.365dm.com/26/06/768x432/skysports-alexander-zverev_7267107.jpg?20260606212120
Tennis,French Open: Zverev and Andreeva win titles at Roland-Garros,https://www.skysports.com/tennis/news/12110/13547318/french-open-order-of-play-and-mens-and-womens-draw-and-results-with-jannik-sinner-aryna-sabalenka-and-britains-katie-boulter-playing,https://e0.365dm.com/26/06/768x432/skysports-tennis-zverev-alexander_7266208.jpg?20260605145143
Tennis,Teen star Andreeva comes of age by winning maiden French Open title,https://www.skysports.com/tennis/news/12110/13551379/french-open-teenager-mirra-andreeva-claims-first-grand-slam-title-with-victory-over-polish-qualifier-maja-chwalinska,https://e0.365dm.com/26/06/768x432/skysports-mirra-andreeva-tennis_7266911.jpg?20260606161936
Tennis,'I want to thank myself for working so hard' - Andreeva wins French Open,https://www.skysports.com/tennis/live-blog/12110/13551116/french-open-final-live-score-results-game-by-game-updates-as-mirra-andreeva-takes-on-qualifier-maja-chwalinska-at-roland-garros,https://e0.365dm.com/26/06/768x432/skysports-mirra-andreeva-tennis_7266905.jpg?20260606160316
Tennis,Raducanu to face Blinkova at Queen's as Boulter gets possible Rybakina draw,https://www.skysports.com/tennis/news/12110/13551381/queens-hsbc-championships-emma-raducanu-to-face-anna-blinkova-as-katie-boulter-gets-wildcard,https://e0.365dm.com/26/05/768x432/skysports-emma-raducanu-tennis_7252948.jpg?20260519104609
